ZCTA,ccdesert
20105,0
20106,1
20109,1
20110,0
20111,1
20112,1
20115,1
20117,1
20118,0
20119,1
20120,0
20121,0
20124,0
20129,0
20130,0
20132,0
20135,0
20136,1
20137,1
20139,0
20141,1
20143,1
20144,1
20147,0
20148,0
20151,0
20152,0
20155,0
20158,1
20164,0
20165,0
20166,0
20169,0
20170,0
20171,0
20175,0
20176,1
20180,1
20181,1
20184,0
20186,0
20187,1
20190,0
20191,0
20194,0
20197,1
20198,0
20601,1
20602,0
20603,0
20606,0
20607,1
20608,0
20609,1
20611,0
20612,0
20613,0
20615,0
20616,1
20617,0
20618,0
20619,0
20620,0
20621,0
20622,1
20623,0
20624,1
20625,1
20626,0
20628,0
20629,0
20630,1
20632,1
20634,0
20636,0
20637,0
20639,0
20640,1
20645,0
20646,0
20650,0
20653,1
20657,1
20658,0
20659,0
20660,0
20662,0
20664,1
20667,0
20670,1
20674,0
20675,0
20676,1
20677,1
20678,0
20680,0
20684,1
20685,0
20686,0
20687,0
20688,0
20689,0
20690,0
20692,1
20693,1
20695,1
20701,0
20705,1
20706,0
20707,0
20708,1
20710,1
20711,0
20712,1
20714,0
20715,0
20716,0
20720,1
20721,0
20722,1
20723,0
20724,1
20732,1
20733,1
20735,1
20736,0
20737,1
20740,1
20742,0
20743,1
20744,0
20745,0
20746,0
20747,0
20748,1
20751,0
20754,0
20755,1
20758,0
20759,0
20762,1
20763,1
20764,1
20765,0
20769,0
20770,0
20772,0
20774,1
20776,0
20777,0
20778,1
20779,1
20781,1
20782,1
20783,1
20784,1
20785,0
20794,0
20812,0
20814,0
20815,0
20816,0
20817,0
20818,0
20832,0
20833,1
20837,0
20838,0
20839,0
20841,0
20842,1
20850,0
20851,0
20852,0
20853,0
20854,0
20855,0
20860,0
20861,0
20862,0
20866,0
20868,0
20871,1
20872,0
20874,0
20876,0
20877,1
20878,0
20879,0
20880,0
20882,1
20886,1
20895,0
20896,0
20899,0
20901,1
20902,1
20903,1
20904,0
20905,0
20906,1
20910,0
20912,0
21001,1
21005,1
21009,1
21010,0
21012,0
21013,1
21014,0
21015,0
21017,0
21028,0
21029,0
21030,0
21031,0
21032,0
21034,1
21035,0
21036,0
21037,1
21040,1
21042,0
21043,0
21044,0
21045,0
21046,0
21047,0
21048,0
21050,0
21051,0
21052,0
21053,0
21054,0
21056,0
21057,0
21060,0
21061,1
21071,0
21074,0
21075,0
21076,0
21077,0
21078,1
21082,0
21084,0
21085,1
21087,0
21090,0
21093,0
21102,0
21104,0
21105,0
21108,1
21111,0
21113,0
21114,1
21117,0
21120,0
21122,0
21128,1
21130,1
21131,1
21132,0
21133,1
21136,0
21140,1
21144,1
21146,0
21152,0
21153,0
21154,1
21155,0
21156,0
21157,0
21158,0
21160,1
21161,1
21162,1
21163,0
21201,0
21202,0
21204,0
21205,1
21206,0
21207,0
21208,0
21209,1
21210,0
21211,1
21212,0
21213,0
21214,1
21215,0
21216,0
21217,0
21218,0
21219,1
21220,1
21221,0
21222,0
21223,1
21224,1
21225,1
21226,1
21227,1
21228,0
21229,1
21230,0
21231,1
21234,1
21236,0
21237,1
21239,1
21240,0
21244,1
21250,0
21251,0
21252,0
21286,0
21401,0
21402,1
21403,1
21405,1
21409,0
21502,0
21520,0
21521,1
21522,0
21523,0
21524,1
21529,0
21530,0
21531,0
21532,1
21536,1
21538,0
21539,0
21540,0
21541,0
21542,0
21543,0
21545,0
21550,0
21555,1
21557,1
21561,1
21562,0
21601,0
21607,0
21610,0
21612,0
21613,0
21617,1
21619,1
21620,0
21622,0
21623,1
21624,0
21625,0
21626,0
21627,0
21628,0
21629,1
21631,1
21632,1
21634,0
21635,1
21636,1
21638,0
21639,0
21640,1
21641,0
21643,1
21644,0
21645,0
21647,0
21648,0
21649,1
21650,0
21651,1
21652,0
21653,0
21654,0
21655,0
21657,1
21658,1
21659,1
21660,1
21661,0
21662,1
21663,0
21664,0
21665,1
21666,0
21667,0
21668,0
21669,0
21671,0
21672,0
21673,0
21675,0
21676,0
21677,0
21678,0
21679,0
21701,0
21702,0
21703,0
21704,1
21705,0
21710,0
21711,1
21713,1
21714,0
21716,0
21717,0
21718,0
21719,1
21722,0
21723,0
21727,0
21733,1
21734,1
21737,0
21738,0
21740,0
21742,0
21746,0
21750,1
21754,0
21755,0
21756,1
21757,0
21758,1
21762,0
21766,0
21767,1
21769,0
21770,0
21771,0
21773,0
21774,0
21776,1
21777,1
21778,1
21779,1
21780,1
21781,0
21782,0
21783,1
21784,0
21787,1
21788,1
21790,0
21791,0
21793,0
21794,0
21795,0
21797,0
21798,0
21801,1
21802,0
21804,0
21810,1
21811,0
21813,1
21814,0
21817,0
21821,0
21822,0
21824,0
21826,0
21829,1
21830,0
21835,0
21837,0
21838,1
21840,0
21841,0
21842,0
21849,1
21850,1
21851,1
21853,0
21856,0
21861,1
21862,0
21863,0
21864,0
21865,0
21866,0
21867,0
21869,0
21871,1
21872,0
21874,0
21875,1
21890,0
21901,1
21902,0
21903,0
21904,1
21911,0
21912,1
21913,0
21914,0
21915,0
21916,0
21917,0
21918,1
21919,1
21920,0
21921,0
21930,0
22003,0
22015,0
22025,0
22026,1
22027,0
22030,0
22031,0
22032,1
22033,0
22035,0
22039,0
22041,1
22042,0
22043,1
22044,1
22046,0
22060,1
22066,1
22079,1
22101,0
22102,0
22124,0
22125,1
22134,1
22150,1
22151,1
22152,1
22153,1
22172,1
22180,0
22181,1
22182,0
22185,0
22191,1
22192,0
22193,1
22201,0
22202,0
22203,0
22204,1
22205,1
22206,1
22207,1
22209,0
22211,0
22213,1
22214,0
22301,0
22302,0
22303,0
22304,1
22305,1
22306,1
22307,1
22308,0
22309,1
22310,0
22311,1
22312,1
22314,0
22315,1
22401,0
22405,0
22406,0
22407,0
22408,0
22427,0
22432,1
22433,0
22435,1
22436,1
22437,1
22438,1
22443,1
22448,0
22454,1
22460,1
22469,1
22473,1
22476,0
22480,0
22482,0
22485,0
22488,1
22503,1
22504,0
22508,0
22509,0
22511,1
22514,1
22520,1
22529,0
22530,0
22534,1
22535,0
22538,1
22539,1
22542,1
22546,0
22548,0
22551,1
22553,0
22554,0
22556,1
22560,0
22567,0
22572,0
22576,1
22578,1
22579,0
22580,1
22601,0
22602,1
22603,1
22610,1
22611,0
22620,1
22623,0
22624,0
22625,1
22627,0
22630,0
22637,0
22639,0
22640,1
22641,1
22642,1
22643,0
22644,1
22645,1
22646,0
22650,1
22652,0
22654,0
22655,0
22656,1
22657,1
22660,1
22663,1
22664,1
22701,0
22709,1
22711,0
22712,0
22713,1
22714,1
22715,0
22716,0
22718,0
22719,0
22720,1
22722,0
22723,0
22724,1
22726,0
22727,0
22728,1
22729,1
22730,0
22731,0
22732,0
22733,1
22734,1
22735,1
22736,1
22737,1
22738,1
22740,1
22741,0
22742,1
22743,0
22747,0
22749,0
22801,0
22802,1
22807,0
22810,0
22811,0
22812,1
22815,1
22820,0
22821,1
22824,1
22827,1
22830,1
22831,1
22832,1
22834,1
22835,1
22840,0
22841,1
22842,1
22843,1
22844,1
22845,0
22846,1
22847,1
22849,1
22850,1
22851,1
22853,1
22901,0
22902,0
22903,0
22904,0
22911,0
22920,0
22922,0
22923,1
22931,0
22932,1
22935,0
22936,1
22937,1
22938,0
22939,0
22940,1
22942,1
22943,0
22946,0
22947,1
22948,0
22949,1
22952,0
22958,0
22959,1
22960,1
22963,1
22964,0
22967,1
22968,1
22969,1
22971,1
22972,1
22973,1
22974,1
22976,1
22980,1
22989,0
23002,1
23004,0
23005,0
23009,1
23011,0
23015,1
23021,0
23022,1
23023,0
23024,1
23025,0
23027,1
23030,0
23032,0
23035,1
23038,1
23039,1
23040,1
23043,1
23045,0
23047,1
23050,1
23055,1
23056,0
23059,0
23060,0
23061,0
23062,0
23063,0
23064,0
23065,1
23066,0
23068,0
23069,1
23070,0
23071,0
23072,1
23075,0
23076,0
23079,1
23083,1
23084,1
23085,0
23086,1
23089,1
23091,0
23092,0
23093,1
23102,0
23103,0
23106,0
23108,0
23109,1
23110,0
23111,0
23112,0
23113,0
23114,0
23115,0
23116,0
23117,1
23119,0
23120,1
23123,1
23124,1
23125,0
23126,0
23128,1
23129,0
23130,0
23138,0
23139,1
23140,1
23141,0
23146,0
23148,1
23149,1
23150,0
23153,1
23156,1
23160,0
23161,0
23163,0
23168,1
23169,1
23173,0
23175,0
23176,0
23177,0
23180,0
23181,0
23185,0
23187,0
23188,0
23192,1
23219,0
23220,0
23221,0
23222,1
23223,1
23224,0
23225,0
23226,0
23227,0
23228,1
23229,0
23230,0
23231,0
23233,0
23234,1
23235,0
23236,1
23237,1
23238,0
23250,0
23294,0
23301,0
23302,1
23303,1
23304,0
23306,0
23307,0
23308,1
23310,0
23313,0
23314,0
23315,1
23316,1
23320,0
23321,0
23322,0
23323,1
23324,1
23325,1
23336,1
23337,1
23347,0
23350,0
23354,1
23356,0
23357,0
23358,0
23359,1
23389,0
23395,0
23398,0
23401,0
23405,0
23407,0
23408,0
23409,0
23410,1
23413,1
23414,0
23415,1
23416,0
23417,1
23418,0
23420,1
23421,1
23422,0
23423,0
23426,0
23427,0
23430,0
23432,1
23433,0
23434,0
23435,1
23436,1
23437,1
23438,1
23440,0
23441,0
23442,1
23451,1
23452,0
23453,0
23454,0
23455,1
23456,0
23457,1
23459,1
23460,0
23461,0
23462,0
23464,0
23480,0
23486,0
23487,0
23488,0
23502,0
23503,1
23504,0
23505,1
23507,0
23508,1
23509,1
23510,0
23511,1
23513,1
23517,0
23518,1
23523,1
23551,0
23601,0
23602,0
23603,1
23604,1
23605,1
23606,0
23607,0
23608,1
23651,1
23661,1
23662,0
23663,1
23664,0
23665,1
23666,0
23669,0
23690,1
23691,1
23692,0
23693,0
23696,1
23701,0
23702,1
23703,0
23704,1
23707,1
23708,0
23709,0
23801,1
23803,0
23805,0
23806,0
23821,0
23824,0
23827,1
23828,1
23829,0
23830,1
23831,0
23832,0
23833,1
23834,0
23836,0
23837,0
23838,1
23839,0
23840,1
23841,0
23842,1
23843,0
23844,0
23845,0
23846,0
23847,0
23850,1
23851,0
23856,1
23857,1
23860,0
23866,1
23867,1
23868,0
23872,0
23874,1
23875,0
23876,0
23878,1
23879,1
23881,1
23882,0
23883,1
23884,0
23885,1
23887,0
23888,0
23889,0
23890,1
23891,0
23893,0
23894,1
23897,0
23898,0
23899,0
23901,0
23909,0
23915,0
23917,1
23919,1
23920,0
23921,0
23922,1
23923,1
23924,1
23927,1
23930,1
23934,0
23936,1
23937,1
23938,0
23942,1
23943,0
23944,1
23947,1
23950,1
23952,0
23954,1
23958,1
23959,1
23960,1
23962,1
23963,0
23964,1
23966,1
23967,0
23968,0
23970,0
23974,1
23976,0
24011,0
24012,0
24013,0
24014,1
24015,1
24016,0
24017,0
24018,0
24019,0
24020,0
24053,1
24054,1
24055,1
24058,0
24059,1
24060,0
24064,1
24065,1
24066,1
24067,1
24069,0
24070,1
24072,1
24073,0
24076,0
24077,1
24078,0
24079,0
24082,0
24083,0
24084,0
24085,1
24086,0
24087,1
24088,1
24089,1
24090,0
24091,1
24092,1
24093,0
24095,1
24101,1
24102,1
24104,1
24105,0
24112,1
24120,1
24121,1
24122,1
24124,0
24127,0
24128,1
24130,0
24131,0
24132,1
24133,1
24134,0
24136,1
24137,1
24138,1
24139,0
24141,1
24142,0
24147,1
24148,1
24149,1
24150,1
24151,0
24153,0
24161,0
24162,0
24165,1
24167,0
24168,1
24171,0
24174,1
24175,1
24176,1
24179,0
24184,0
24185,0
24201,0
24202,1
24210,0
24211,1
24216,1
24217,0
24219,1
24220,0
24221,0
24224,1
24225,1
24226,0
24228,0
24230,1
24236,1
24237,1
24239,0
24243,1
24244,1
24245,1
24246,0
24248,1
24250,1
24251,0
24256,1
24258,1
24260,1
24263,1
24265,1
24266,1
24269,1
24270,0
24271,1
24272,1
24273,0
24277,0
24279,1
24280,0
24281,1
24282,0
24283,1
24290,1
24292,0
24293,1
24301,0
24311,1
24312,1
24313,0
24314,1
24315,1
24316,0
24317,0
24318,0
24319,1
24322,0
24323,0
24324,1
24325,0
24326,0
24328,0
24330,0
24333,0
24340,1
24343,0
24347,1
24348,1
24350,0
24351,1
24352,1
24354,0
24360,0
24361,0
24363,1
24366,0
24368,0
24370,1
24374,1
24375,1
24377,0
24378,1
24380,1
24381,1
24382,0
24401,1
24411,1
24412,0
24413,0
24415,0
24416,1
24421,1
24422,1
24426,1
24430,1
24431,1
24432,0
24433,0
24435,1
24437,0
24439,1
24440,1
24441,1
24442,0
24445,1
24448,0
24450,1
24457,0
24458,0
24459,0
24460,0
24464,0
24465,1
24467,1
24471,0
24472,1
24473,0
24474,1
24476,0
24477,0
24479,1
24482,0
24483,1
24484,1
24485,1
24486,1
24487,0
24501,0
24502,0
24503,0
24504,0
24517,0
24520,1
24521,0
24522,0
24523,0
24526,0
24527,0
24528,1
24529,1
24530,1
24531,1
24534,1
24536,0
24538,1
24539,0
24540,0
24541,1
24549,1
24550,1
24551,0
24553,1
24554,1
24555,1
24556,1
24557,1
24558,1
24562,0
24563,1
24565,1
24566,1
24569,0
24570,0
24571,0
24572,0
24574,1
24577,1
24578,0
24579,1
24580,1
24581,0
24586,1
24588,0
24589,1
24590,1
24592,1
24593,1
24594,0
24595,0
24597,1
24598,1
24599,1
24601,0
24602,1
24603,0
24604,1
24605,1
24606,0
24607,1
24609,0
24612,0
24613,0
24614,1
24620,1
24622,0
24628,0
24630,1
24631,0
24634,0
24635,0
24637,1
24639,1
24641,0
24646,0
24649,0
24651,1
24656,1
24657,0
27006,0
27007,1
27009,1
27011,0
27012,0
27013,0
27014,0
27016,0
27017,0
27018,0
27019,0
27020,0
27021,0
27022,0
27023,1
27024,1
27025,1
27027,0
27028,0
27030,0
27040,1
27041,0
27042,0
27043,0
27045,1
27046,1
27047,1
27048,1
27050,1
27051,0
27052,0
27053,1
27054,1
27055,0
27101,0
27103,0
27104,1
27105,1
27106,0
27107,1
27109,0
27110,0
27127,1
27201,0
27203,0
27205,1
27207,1
27208,0
27209,0
27212,1
27214,1
27215,0
27217,0
27229,1
27231,1
27233,1
27235,0
27239,0
27242,1
27243,0
27244,1
27248,1
27249,0
27252,1
27253,0
27258,0
27260,0
27262,0
27263,0
27265,0
27278,0
27281,1
27282,0
27283,1
27284,0
27288,0
27291,1
27292,0
27295,1
27298,0
27299,1
27301,1
27302,0
27305,1
27306,1
27310,0
27311,1
27312,0
27313,1
27314,1
27315,1
27316,1
27317,0
27320,0
27325,1
27326,0
27330,0
27332,1
27340,0
27341,1
27343,0
27344,0
27349,1
27350,1
27355,1
27356,1
27357,0
27358,0
27360,0
27370,1
27371,0
27376,0
27377,1
27379,0
27401,0
27403,0
27405,0
27406,0
27407,0
27408,0
27409,0
27410,0
27455,0
27501,0
27502,1
27503,0
27504,0
27505,1
27507,0
27508,0
27509,0
27510,0
27511,0
27513,0
27514,0
27516,0
27517,0
27518,0
27519,0
27520,0
27521,1
27522,0
27523,1
27524,0
27525,0
27526,0
27527,1
27529,0
27530,0
27531,0
27534,0
27536,0
27537,1
27539,1
27540,0
27541,0
27542,0
27544,1
27545,0
27546,0
27549,0
27551,1
27553,1
27555,0
27556,0
27557,1
27559,1
27560,0
27562,1
27563,0
27565,0
27568,0
27569,0
27571,1
27572,1
27573,0
27574,1
27576,1
27577,0
27581,1
27582,0
27583,0
27587,1
27589,0
27591,1
27592,1
27596,0
27597,1
27601,0
27603,1
27604,0
27605,0
27606,0
27607,0
27608,1
27609,1
27610,0
27612,0
27613,0
27614,0
27615,0
27616,1
27617,0
27701,0
27703,0
27704,0
27705,0
27707,0
27709,0
27712,0
27713,0
27801,0
27803,1
27804,0
27805,1
27806,0
27807,1
27808,1
27809,0
27810,0
27812,0
27813,0
27814,1
27816,1
27817,0
27818,1
27819,0
27820,1
27821,0
27822,0
27823,0
27824,1
27825,0
27826,0
27827,0
27828,1
27829,0
27830,1
27831,0
27832,0
27834,0
27837,1
27839,1
27840,0
27841,0
27842,0
27843,1
27844,1
27845,0
27846,1
27847,0
27849,0
27850,0
27851,1
27852,1
27853,1
27855,0
27856,0
27857,0
27858,0
27860,1
27861,0
27862,0
27863,1
27864,0
27865,1
27866,0
27869,0
27870,0
27871,1
27872,0
27873,1
27874,0
27875,0
27876,1
27878,1
27879,0
27880,1
27881,0
27882,1
27883,1
27884,0
27885,0
27886,0
27888,1
27889,0
27890,0
27891,1
27892,0
27893,0
27896,0
27897,0
27909,0
27910,0
27915,1
27916,0
27917,0
27919,0
27920,0
27921,0
27922,0
27923,0
27924,0
27925,0
27926,1
27927,0
27928,1
27929,0
27932,0
27935,1
27936,1
27937,1
27938,0
27939,1
27941,0
27942,0
27943,0
27944,0
27946,1
27947,0
27948,1
27949,0
27950,1
27953,1
27954,0
27956,0
27957,1
27958,1
27959,0
27960,0
27962,0
27964,0
27965,1
27966,1
27967,0
27968,0
27970,1
27972,0
27973,0
27974,1
27976,1
27978,0
27979,0
27980,1
27981,1
27982,0
27983,0
27985,0
27986,1
28001,0
28006,1
28007,0
28009,1
28012,0
28016,0
28017,0
28018,1
28019,0
28020,1
28021,0
28023,1
28025,0
28027,0
28031,0
28032,0
28033,1
28034,0
28036,1
28037,0
28039,0
28040,1
28043,0
28052,0
28054,0
28056,1
28071,1
28072,1
28073,1
28075,0
28076,1
28077,1
28078,0
28079,0
28080,1
28081,0
28083,1
28086,0
28088,0
28089,0
28090,1
28091,1
28092,0
28097,0
28098,1
28101,0
28102,0
28103,0
28104,0
28105,0
28107,0
28108,0
28109,0
28110,0
28112,0
28114,1
28115,0
28117,0
28119,1
28120,1
28124,0
28125,1
28127,0
28128,0
28129,0
28133,0
28134,0
28135,0
28137,0
28138,1
28139,1
28144,0
28146,1
28147,1
28150,0
28152,1
28159,1
28160,0
28163,1
28164,0
28166,0
28167,1
28168,0
28169,0
28170,0
28173,0
28174,0
28202,0
28203,0
28204,0
28205,0
28206,0
28207,0
28208,0
28209,0
28210,0
28211,0
28212,1
28213,0
28214,0
28215,0
28216,0
28217,0
28226,1
28227,1
28244,0
28262,0
28269,0
28270,0
28273,0
28277,0
28278,1
28280,0
28282,0
28301,0
28303,0
28304,0
28305,0
28306,0
28307,1
28308,0
28310,0
28311,0
28312,1
28314,0
28315,1
28318,1
28320,1
28323,1
28325,1
28326,0
28327,1
28328,0
28330,0
28332,0
28333,0
28334,0
28337,0
28338,1
28339,0
28340,0
28341,0
28342,0
28343,1
28344,1
28345,0
28347,0
28348,0
28349,0
28350,0
28351,1
28352,0
28356,1
28357,0
28358,0
28360,0
28363,1
28364,0
28365,0
28366,1
28367,0
28369,1
28371,0
28372,0
28373,1
28374,0
28375,0
28376,0
28377,0
28379,0
28382,0
28383,0
28384,0
28385,0
28386,0
28387,0
28390,0
28391,0
28392,0
28393,1
28394,0
28395,0
28396,0
28398,1
28399,0
28401,0
28403,0
28405,0
28409,1
28411,0
28412,0
28420,1
28421,1
28422,0
28423,0
28424,0
28425,0
28428,1
28429,1
28430,0
28431,1
28432,1
28433,1
28434,0
28435,1
28436,1
28438,1
28439,1
28441,1
28442,0
28443,0
28444,0
28445,1
28447,1
28448,0
28449,1
28450,1
28451,1
28452,0
28453,1
28454,1
28455,1
28456,0
28457,0
28458,0
28460,0
28461,0
28462,0
28463,0
28464,1
28465,1
28466,0
28467,1
28468,1
28469,1
28470,0
28472,0
28478,1
28479,1
28480,1
28501,0
28504,0
28508,1
28510,1
28511,1
28512,1
28513,0
28515,0
28516,0
28518,1
28519,0
28520,1
28521,1
28523,1
28524,0
28525,0
28526,1
28527,0
28528,0
28529,0
28530,0
28531,1
28532,1
28533,0
28537,0
28538,1
28539,1
28540,1
28543,1
28544,1
28546,0
28547,1
28551,1
28552,0
28553,0
28554,1
28555,1
28556,1
28557,0
28560,0
28562,1
28570,0
28571,1
28572,1
28573,0
28574,1
28575,0
28577,0
28578,1
28579,0
28580,0
28581,0
28582,1
28583,0
28584,0
28585,0
28586,0
28587,0
28589,1
28590,1
28594,1
28601,0
28602,0
28604,1
28605,0
28606,1
28607,0
28609,0
28610,0
28611,0
28612,0
28613,0
28615,1
28616,0
28617,1
28618,1
28619,1
28621,0
28622,0
28623,0
28624,0
28625,1
28626,1
28627,1
28628,0
28629,0
28630,0
28631,0
28634,1
28635,1
28636,0
28637,0
28638,0
28640,0
28642,1
28643,1
28644,1
28645,0
28646,0
28647,0
28649,1
28650,0
28651,0
28652,0
28654,1
28655,0
28657,0
28658,0
28659,1
28660,1
28662,0
28663,1
28665,1
28666,1
28667,1
28668,0
28669,0
28670,1
28671,0
28672,0
28673,0
28675,0
28676,1
28677,0
28678,0
28679,0
28681,0
28682,1
28683,1
28684,1
28685,0
28689,1
28690,0
28692,0
28693,0
28694,0
28697,0
28698,0
28701,1
28702,1
28704,0
28705,0
28707,0
28708,0
28709,1
28711,0
28712,0
28713,0
28714,1
28715,1
28716,0
28717,0
28718,0
28719,0
28720,0
28721,0
28722,1
28723,0
28725,0
28726,0
28729,0
28730,0
28731,0
28732,0
28733,0
28734,0
28735,0
28736,1
28739,0
28740,1
28741,0
28742,1
28743,0
28745,0
28746,1
28747,0
28748,1
28749,0
28751,1
28752,0
28753,0
28754,0
28756,0
28757,0
28759,0
28761,1
28762,0
28763,1
28766,1
28768,1
28771,0
28772,0
28773,1
28774,0
28775,1
28777,0
28778,0
28779,0
28781,1
28782,0
28783,0
28785,0
28786,0
28787,1
28789,1
28790,1
28791,0
28792,0
28801,0
28803,0
28804,0
28805,0
28806,0
28901,0
28902,1
28904,0
28905,1
28906,0
28909,1
30002,0
30004,0
30005,0
30008,0
30009,1
30011,0
30012,0
30013,0
30014,0
30016,0
30017,0
30019,0
30021,0
30022,0
30024,0
30025,1
30028,1
30030,0
30032,0
30033,0
30034,0
30035,0
30038,0
30039,0
30040,0
30041,0
30043,0
30044,0
30045,0
30046,1
30047,0
30052,0
30054,1
30055,0
30056,1
30058,0
30060,0
30062,0
30064,0
30066,0
30067,1
30068,0
30070,0
30071,0
30072,1
30075,0
30076,0
30078,0
30079,0
30080,0
30082,0
30083,0
30084,0
30087,0
30088,1
30092,0
30093,1
30094,0
30096,1
30097,0
30101,0
30102,1
30103,1
30104,1
30105,1
30106,0
30107,1
30108,0
30110,0
30113,1
30114,0
30115,0
30116,1
30117,0
30118,0
30120,0
30121,1
30122,0
30124,0
30125,0
30126,0
30127,1
30132,0
30134,0
30135,0
30137,0
30139,0
30141,0
30143,0
30144,0
30145,0
30147,0
30148,0
30149,0
30152,0
30153,0
30157,0
30161,0
30164,0
30165,0
30168,0
30170,0
30171,1
30173,0
30175,1
30176,0
30177,0
30178,0
30179,0
30180,0
30182,1
30183,1
30184,1
30185,0
30187,0
30188,0
30189,0
30204,0
30205,1
30206,1
30213,0
30214,0
30215,0
30216,1
30217,0
30218,1
30220,1
30222,0
30223,0
30224,0
30228,0
30230,0
30233,0
30234,1
30236,0
30238,1
30240,0
30241,0
30248,0
30250,1
30251,0
30252,0
30253,0
30256,1
30257,1
30258,1
30259,0
30260,0
30263,0
30265,0
30268,0
30269,0
30273,0
30274,0
30275,0
30276,0
30277,0
30281,0
30284,0
30285,0
30286,0
30288,1
30289,0
30290,0
30291,0
30292,1
30293,0
30294,0
30295,0
30296,0
30297,0
30303,0
30305,0
30306,0
30307,0
30308,0
30309,0
30310,0
30311,0
30312,0
30313,0
30314,0
30315,0
30316,0
30317,0
30318,0
30319,0
30322,0
30324,1
30326,0
30327,0
30328,0
30329,0
30331,0
30332,0
30334,0
30336,0
30337,0
30338,0
30339,0
30340,0
30341,0
30342,0
30344,0
30345,1
30346,1
30349,0
30350,0
30354,0
30360,1
30363,0
30401,0
30410,0
30411,0
30412,0
30413,1
30415,0
30417,1
30420,1
30421,1
30423,0
30425,1
30426,1
30427,0
30428,1
30429,0
30434,1
30436,0
30438,0
30439,1
30441,1
30442,0
30445,0
30446,1
30448,0
30449,0
30450,0
30451,0
30452,1
30453,0
30454,1
30455,0
30456,0
30457,0
30458,0
30460,0
30461,0
30464,0
30467,0
30470,1
30471,1
30473,1
30474,0
30475,0
30477,0
30501,0
30504,0
30506,0
30507,0
30510,1
30511,0
30512,0
30513,1
30516,0
30517,0
30518,0
30519,0
30520,1
30521,0
30522,0
30523,0
30525,0
30527,0
30528,1
30529,0
30530,1
30531,0
30533,0
30534,0
30535,1
30536,1
30537,0
30538,0
30540,0
30541,1
30542,0
30543,1
30545,1
30546,0
30547,0
30548,0
30549,0
30552,1
30553,0
30554,0
30555,1
30557,1
30558,0
30559,0
30560,1
30562,0
30563,1
30564,0
30565,0
30566,0
30567,1
30568,1
30571,0
30572,1
30573,0
30575,0
30576,0
30577,0
30581,0
30582,1
30601,0
30602,0
30605,0
30606,0
30607,1
30609,0
30619,1
30620,1
30621,1
30622,0
30623,0
30624,0
30625,1
30627,1
30628,1
30629,0
30630,0
30631,0
30633,0
30634,1
30635,1
30641,1
30642,0
30643,0
30646,0
30648,0
30650,0
30655,0
30656,1
30660,1
30662,1
30663,1
30664,0
30665,0
30666,1
30667,0
30668,1
30669,1
30673,0
30677,0
30678,1
30680,0
30683,1
30701,0
30705,1
30707,0
30708,0
30710,0
30711,1
30720,0
30721,0
30725,0
30726,0
30728,0
30730,0
30731,0
30733,0
30734,1
30735,0
30736,0
30738,1
30739,0
30740,0
30741,0
30742,0
30746,0
30747,0
30750,0
30751,0
30752,0
30753,0
30755,0
30756,1
30757,1
30802,0
30803,1
30805,0
30807,0
30808,0
30809,0
30810,0
30812,0
30813,1
30814,0
30815,0
30816,1
30817,0
30818,1
30820,0
30821,1
30822,0
30823,1
30824,0
30828,0
30830,0
30833,0
30901,0
30903,0
30904,0
30905,1
30906,0
30907,0
30909,0
30912,0
31001,1
31002,0
31003,0
31005,0
31006,0
31007,1
31008,0
31009,1
31011,1
31012,1
31014,0
31015,0
31016,1
31017,1
31018,0
31019,1
31020,0
31021,0
31022,0
31023,0
31024,0
31025,1
31027,1
31028,0
31029,0
31030,0
31031,1
31032,0
31033,1
31035,1
31036,0
31037,1
31038,0
31039,0
31041,1
31042,0
31044,1
31045,0
31046,1
31047,1
31049,1
31050,1
31051,0
31052,1
31054,1
31055,0
31057,0
31058,1
31060,1
31061,0
31062,0
31063,1
31064,0
31065,1
31066,1
31067,0
31068,0
31069,0
31070,0
31071,1
31072,0
31075,0
31076,1
31077,1
31078,0
31079,0
31081,1
31082,0
31083,0
31084,0
31085,1
31087,1
31088,0
31089,1
31090,1
31091,1
31092,1
31093,0
31094,1
31096,0
31097,1
31098,1
31201,0
31204,0
31206,0
31207,0
31210,0
31211,1
31213,0
31216,0
31217,0
31220,0
31301,1
31302,0
31303,1
31304,0
31305,0
31307,0
31308,1
31309,0
31312,0
31313,0
31314,0
31315,1
31316,1
31318,0
31320,0
31321,0
31322,0
31323,0
31324,0
31326,0
31327,0
31328,0
31329,0
31331,1
31401,0
31404,0
31405,0
31406,0
31407,1
31408,0
31409,0
31410,0
31411,1
31415,0
31419,0
31501,0
31503,1
31510,0
31512,1
31513,0
31516,0
31518,1
31519,0
31520,0
31522,0
31523,0
31524,0
31525,0
31527,0
31532,1
31533,0
31535,0
31537,0
31539,0
31542,0
31543,1
31544,1
31545,0
31546,1
31547,0
31548,0
31549,1
31550,1
31551,1
31552,1
31553,0
31554,0
31555,0
31556,0
31557,0
31558,0
31560,1
31561,0
31562,1
31563,0
31565,1
31566,0
31567,0
31568,0
31569,0
31601,0
31602,0
31605,0
31606,1
31620,0
31622,1
31623,0
31624,1
31625,1
31626,1
31627,0
31629,0
31630,1
31631,1
31632,0
31634,1
31635,0
31636,0
31637,1
31638,0
31639,0
31641,1
31642,1
31643,1
31645,1
31647,1
31648,0
31649,1
31650,0
31698,0
31699,0
31701,0
31705,0
31707,0
31709,0
31711,0
31712,1
31714,0
31716,0
31719,1
31720,1
31721,1
31722,0
31730,0
31733,1
31735,1
31738,1
31743,0
31744,0
31747,0
31749,1
31750,0
31756,0
31757,1
31763,0
31764,1
31765,1
31768,0
31771,0
31772,0
31773,1
31774,0
31775,0
31778,1
31779,0
31780,1
31781,1
31783,1
31784,1
31787,1
31788,1
31789,1
31790,1
31791,0
31792,0
31793,0
31794,0
31795,1
31796,1
31798,1
31801,1
31803,0
31804,0
31805,0
31806,0
31807,0
31808,0
31810,0
31811,0
31812,0
31814,0
31815,0
31816,0
31820,0
31821,0
31822,1
31823,1
31824,0
31825,1
31826,1
31827,0
31829,1
31830,1
31831,0
31832,0
31833,0
31836,1
31901,0
31903,0
31904,0
31905,0
31906,0
31907,0
31909,0
39813,0
39815,0
39817,1
39819,0
39823,0
39824,0
39825,1
39826,1
39827,1
39828,0
39834,1
39836,1
39837,0
39840,1
39841,0
39842,0
39845,0
39846,0
39851,1
39854,0
39859,1
39861,1
39862,1
39866,1
39867,1
39870,0
39877,0
39885,1
39886,1
39897,0
43001,0
43002,1
43003,1
43004,1
43005,0
43006,1
43008,1
43009,1
43010,1
43011,1
43013,0
43014,1
43015,0
43016,0
43017,0
43019,1
43021,0
43022,0
43023,0
43025,1
43026,0
43028,1
43029,0
43030,0
43031,0
43032,0
43033,0
43035,0
43036,1
43037,0
43040,0
43044,0
43045,1
43046,0
43050,1
43054,0
43055,0
43056,0
43060,0
43061,1
43062,0
43064,1
43065,0
43066,1
43067,0
43068,0
43070,0
43071,0
43072,1
43074,0
43076,1
43077,0
43078,0
43080,1
43081,0
43082,0
43084,1
43085,0
43101,1
43102,1
43103,1
43105,0
43106,1
43107,1
43109,0
43110,0
43111,0
43112,0
43113,0
43115,0
43116,0
43117,0
43119,1
43123,0
43125,0
43126,1
43127,0
43128,1
43130,0
43135,1
43136,0
43137,0
43138,1
43140,1
43142,0
43143,0
43144,0
43145,1
43146,1
43147,0
43148,1
43149,1
43150,1
43151,0
43152,1
43153,1
43154,1
43155,1
43156,0
43157,1
43158,0
43160,0
43162,1
43164,0
43201,0
43202,0
43203,0
43204,0
43205,0
43206,1
43207,0
43209,0
43210,0
43211,0
43212,0
43213,0
43214,0
43215,0
43217,1
43219,0
43220,0
43221,1
43222,1
43223,0
43224,0
43227,0
43228,0
43229,0
43230,0
43231,0
43232,0
43235,0
43240,0
43302,1
43310,1
43311,0
43314,1
43315,1
43316,1
43317,0
43318,1
43319,0
43320,1
43321,0
43322,0
43323,1
43324,1
43326,1
43330,0
43331,1
43332,0
43333,0
43334,0
43336,0
43337,1
43338,1
43340,1
43341,1
43342,1
43343,0
43344,0
43345,0
43347,1
43348,0
43351,1
43356,1
43357,1
43358,1
43359,1
43360,1
43402,0
43403,0
43406,1
43407,0
43408,0
43410,0
43412,1
43413,1
43416,0
43420,0
43430,0
43431,1
43432,1
43433,0
43434,0
43435,0
43437,0
43438,0
43439,0
43440,1
43442,1
43443,1
43445,1
43446,0
43447,1
43449,0
43450,0
43451,1
43452,1
43456,0
43457,1
43458,0
43460,0
43462,1
43463,0
43464,1
43465,0
43466,1
43467,0
43468,0
43469,1
43501,0
43502,0
43504,0
43505,0
43506,0
43511,0
43512,0
43515,1
43516,1
43517,1
43518,1
43519,1
43521,1
43522,1
43523,0
43524,1
43525,1
43526,0
43527,0
43528,0
43529,0
43531,0
43532,1
43533,1
43534,1
43535,1
43536,1
43537,0
43540,1
43541,0
43542,1
43543,1
43545,0
43547,0
43548,0
43549,1
43551,0
43553,0
43554,1
43555,0
43556,1
43557,1
43558,1
43560,0
43565,0
43566,0
43567,0
43569,1
43570,1
43571,0
43604,0
43605,1
43606,0
43607,1
43608,0
43609,1
43610,1
43611,1
43612,1
43613,0
43614,0
43615,0
43616,0
43617,1
43619,0
43620,0
43623,0
43701,0
43711,0
43713,1
43716,1
43717,0
43718,1
43719,1
43720,0
43721,0
43722,0
43723,1
43724,0
43725,0
43727,1
43728,0
43730,1
43731,1
43732,1
43733,0
43734,1
43735,0
43736,0
43738,0
43739,1
43740,0
43746,1
43747,1
43748,0
43749,1
43750,0
43754,1
43755,1
43756,1
43758,0
43759,0
43760,1
43761,0
43762,1
43764,1
43766,1
43767,0
43768,0
43771,1
43772,1
43773,1
43777,1
43778,1
43779,0
43780,1
43782,1
43783,1
43786,0
43787,1
43788,1
43793,1
43802,1
43804,1
43805,0
43811,1
43812,0
43821,1
43822,1
43824,1
43830,1
43832,1
43836,0
43837,1
43840,0
43842,1
43843,1
43844,1
43845,0
43901,0
43902,0
43903,1
43905,0
43906,0
43907,1
43908,1
43910,1
43912,1
43913,1
43914,0
43915,1
43917,1
43920,0
43925,1
43926,0
43927,0
43928,0
43930,0
43931,0
43932,1
43933,1
43934,0
43935,1
43938,1
43939,1
43940,1
43942,1
43943,1
43944,1
43945,0
43946,1
43947,1
43948,0
43950,0
43951,0
43952,1
43953,1
43961,0
43962,0
43963,0
43964,1
43967,0
43968,1
43970,0
43971,1
43972,0
43973,1
43974,0
43976,1
43977,1
43983,0
43985,0
43986,1
43988,1
44001,0
44003,1
44004,0
44010,1
44011,0
44012,0
44017,0
44021,1
44022,0
44023,0
44024,0
44026,0
44028,0
44030,1
44032,1
44035,0
44039,1
44040,1
44041,0
44044,0
44045,0
44046,1
44047,0
44048,1
44049,1
44050,1
44052,0
44053,0
44054,1
44055,0
44056,0
44057,1
44060,0
44062,1
44064,1
44065,0
44067,0
44070,0
44072,1
44074,0
44076,1
44077,0
44080,0
44081,0
44082,1
44084,0
44085,1
44086,1
44087,0
44089,0
44090,1
44092,0
44093,1
44094,0
44095,0
44099,1
44101,0
44102,0
44103,0
44104,0
44105,0
44106,0
44107,0
44108,0
44109,1
44110,0
44111,0
44112,0
44113,0
44114,0
44115,0
44116,0
44117,0
44118,0
44119,0
44120,0
44121,0
44122,0
44123,0
44124,0
44125,0
44126,1
44127,0
44128,0
44129,1
44130,0
44131,0
44132,0
44133,0
44134,0
44135,0
44136,0
44137,0
44138,0
44139,0
44140,0
44141,0
44142,0
44143,0
44144,1
44145,0
44146,0
44147,0
44149,0
44201,0
44202,0
44203,0
44212,0
44214,1
44215,1
44216,1
44217,1
44221,0
44223,0
44224,0
44230,0
44231,0
44233,1
44234,1
44235,1
44236,0
44240,0
44241,0
44243,0
44250,1
44251,0
44253,0
44254,0
44255,0
44256,0
44260,0
44262,0
44264,1
44265,0
44266,1
44270,1
44272,0
44273,0
44274,0
44275,1
44276,1
44278,0
44280,0
44281,0
44285,0
44286,0
44287,1
44288,1
44301,1
44302,0
44303,0
44304,0
44305,0
44306,0
44307,0
44308,0
44310,1
44311,0
44312,0
44313,0
44314,1
44319,0
44320,0
44321,1
44333,0
44401,1
44402,1
44403,0
44404,1
44405,1
44406,0
44408,1
44410,0
44411,1
44412,1
44413,1
44417,0
44418,0
44420,0
44423,1
44425,0
44427,1
44428,0
44429,1
44430,1
44431,0
44432,0
44436,1
44437,0
44438,1
44439,0
44440,0
44441,1
44442,0
44443,1
44444,1
44445,1
44446,1
44449,1
44450,1
44451,0
44452,1
44454,1
44455,1
44460,1
44470,1
44471,0
44473,1
44481,0
44483,0
44484,0
44485,0
44490,1
44491,1
44493,0
44502,0
44503,0
44504,0
44505,0
44506,1
44507,0
44509,1
44510,1
44511,0
44512,0
44514,1
44515,0
44601,0
44606,1
44607,0
44608,1
44609,1
44610,0
44611,1
44612,0
44613,1
44614,0
44615,1
44618,1
44620,0
44621,0
44622,0
44624,1
44625,1
44626,1
44627,1
44628,0
44629,1
44632,0
44633,1
44634,1
44637,1
44638,1
44640,0
44641,0
44643,1
44644,0
44645,1
44646,0
44647,1
44651,1
44652,0
44653,0
44654,1
44656,1
44657,1
44659,0
44661,0
44662,0
44663,1
44666,1
44667,0
44669,1
44670,0
44671,0
44672,0
44675,1
44676,1
44677,1
44678,0
44680,0
44681,1
44682,1
44683,1
44685,0
44687,0
44688,1
44689,1
44690,0
44691,0
44693,0
44695,1
44697,0
44699,1
44702,0
44703,1
44704,1
44705,0
44706,1
44707,1
44708,0
44709,1
44710,1
44714,0
44718,0
44720,0
44721,0
44730,1
44802,1
44804,0
44805,1
44807,0
44809,0
44811,0
44813,1
44814,1
44815,0
44816,0
44817,1
44818,0
44820,1
44822,1
44824,0
44825,0
44826,1
44827,1
44828,0
44830,1
44833,0
44836,0
44837,1
44838,0
44839,1
44840,1
44841,1
44842,1
44843,1
44844,1
44846,1
44847,1
44849,1
44850,0
44851,1
44853,1
44854,1
44855,1
44856,0
44857,0
44859,1
44861,0
44864,1
44865,0
44866,1
44867,1
44870,0
44874,1
44875,0
44878,0
44880,0
44881,0
44882,1
44883,0
44887,1
44889,1
44890,1
44901,0
44902,0
44903,1
44904,1
44905,0
44906,0
44907,1
45001,1
45002,1
45003,1
45005,0
45011,0
45013,0
45014,0
45015,1
45030,0
45032,0
45033,1
45034,0
45036,0
45039,0
45040,0
45041,0
45042,0
45044,0
45050,0
45051,0
45052,0
45053,1
45054,1
45056,0
45062,1
45064,1
45065,0
45066,0
45067,0
45068,1
45069,0
45070,0
45101,1
45102,0
45103,0
45106,0
45107,1
45111,0
45112,0
45113,0
45115,0
45118,1
45120,0
45121,1
45122,0
45123,1
45130,1
45131,0
45132,0
45133,1
45135,1
45140,0
45142,1
45144,1
45146,1
45147,0
45148,1
45150,0
45152,1
45153,1
45154,0
45155,0
45156,0
45157,1
45158,1
45159,1
45160,0
45162,1
45164,0
45166,0
45167,1
45168,1
45169,1
45171,1
45172,0
45174,0
45176,1
45177,0
45202,0
45203,0
45204,1
45205,1
45206,0
45207,0
45208,1
45209,0
45211,0
45212,1
45213,0
45214,0
45215,0
45216,1
45217,1
45218,1
45219,0
45220,0
45223,1
45224,0
45225,0
45226,0
45227,0
45229,0
45230,0
45231,0
45232,1
45233,0
45236,0
45237,0
45238,0
45239,0
45240,0
45241,0
45242,0
45243,0
45244,0
45245,0
45246,0
45247,0
45248,0
45249,0
45251,0
45252,0
45255,0
45301,0
45302,1
45303,1
45304,1
45305,1
45306,1
45307,0
45308,1
45309,1
45310,0
45311,1
45312,1
45314,0
45315,0
45316,0
45317,1
45318,1
45319,0
45320,0
45321,1
45322,0
45323,0
45324,0
45325,0
45326,0
45327,0
45328,1
45330,1
45331,1
45332,1
45333,0
45334,1
45335,1
45336,0
45337,1
45338,0
45339,1
45340,0
45341,0
45342,0
45344,1
45345,0
45346,1
45347,1
45348,1
45349,1
45350,0
45351,0
45352,0
45353,0
45354,1
45356,0
45358,0
45359,1
45360,1
45361,1
45362,1
45363,0
45365,1
45368,1
45369,1
45370,1
45371,0
45372,0
45373,0
45377,0
45378,1
45380,0
45381,1
45382,1
45383,1
45384,0
45385,0
45387,0
45388,1
45389,0
45390,1
45402,0
45403,1
45404,0
45405,0
45406,0
45409,0
45410,0
45414,0
45415,0
45416,0
45417,0
45419,1
45420,0
45424,0
45426,0
45428,0
45429,0
45430,1
45431,0
45432,0
45433,1
45434,0
45439,1
45440,0
45449,0
45458,0
45459,0
45502,0
45503,1
45504,1
45505,0
45506,0
45601,1
45612,1
45613,1
45614,1
45616,1
45617,1
45618,0
45619,1
45620,1
45621,1
45622,0
45623,1
45624,0
45628,1
45629,1
45630,0
45631,0
45634,1
45636,0
45638,0
45640,1
45642,0
45644,1
45645,1
45646,0
45647,1
45648,1
45650,0
45651,1
45652,1
45653,1
45654,1
45656,1
45657,1
45658,1
45659,1
45660,1
45661,0
45662,0
45663,1
45669,0
45671,1
45672,0
45673,0
45674,0
45678,1
45679,1
45680,1
45681,1
45682,1
45684,1
45685,1
45686,0
45688,0
45690,1
45692,1
45693,0
45694,1
45695,0
45696,0
45697,1
45698,0
45701,0
45710,0
45711,1
45714,0
45715,1
45716,0
45719,1
45721,0
45723,1
45724,1
45727,1
45729,1
45732,1
45734,1
45735,1
45740,0
45741,1
45742,0
45743,1
45744,1
45745,1
45746,0
45750,0
45760,1
45761,1
45764,1
45766,1
45767,1
45768,1
45769,1
45770,1
45771,1
45772,1
45773,0
45775,1
45776,0
45778,1
45779,1
45780,1
45782,0
45784,0
45786,0
45787,0
45788,1
45789,0
45801,0
45804,0
45805,0
45806,0
45807,0
45808,0
45809,0
45810,1
45812,1
45813,1
45814,1
45816,0
45817,0
45819,1
45820,1
45821,0
45822,0
45826,0
45827,1
45828,0
45830,1
45831,1
45832,1
45833,1
45835,0
45836,1
45838,0
45840,0
45841,1
45843,1
45844,1
45845,1
45846,1
45849,1
45850,1
45851,1
45853,0
45854,0
45855,0
45856,1
45858,1
45859,0
45860,1
45861,0
45862,1
45863,1
45864,0
45865,0
45866,0
45867,0
45868,1
45869,0
45870,0
45871,1
45872,1
45873,1
45874,1
45875,0
45876,0
45877,0
45879,1
45880,1
45881,1
45882,1
45883,0
45884,0
45885,1
45886,0
45887,0
45888,0
45889,1
45890,0
45891,0
45894,1
45895,1
45896,1
45897,0
45898,1
45899,0
55001,1
55003,0
55005,1
55006,1
55007,1
55008,1
55009,1
55011,0
55012,1
55013,1
55014,1
55016,1
55017,0
55018,1
55019,1
55020,1
55021,1
55024,1
55025,1
55026,0
55027,1
55029,0
55030,1
55031,1
55032,1
55033,1
55036,0
55037,1
55038,1
55040,1
55041,1
55042,1
55043,1
55044,1
55045,1
55046,1
55047,1
55049,1
55051,0
55052,1
55053,1
55054,1
55055,1
55056,1
55057,0
55060,0
55063,1
55065,1
55066,1
55068,1
55069,1
55070,0
55071,1
55072,1
55073,1
55074,1
55075,1
55076,1
55077,1
55079,1
55080,1
55082,0
55084,1
55085,0
55087,1
55088,0
55089,1
55090,1
55092,0
55101,0
55102,0
55103,1
55104,0
55105,0
55106,1
55107,1
55108,1
55109,1
55110,1
55111,0
55112,1
55113,1
55114,1
55115,1
55116,0
55117,1
55118,1
55119,1
55120,1
55121,0
55122,0
55123,0
55124,1
55125,1
55126,1
55127,1
55128,1
55129,0
55130,1
55150,0
55155,0
55301,1
55302,1
55303,1
55304,1
55305,0
55306,1
55307,1
55308,1
55309,1
55310,0
55311,1
55312,0
55313,0
55314,1
55315,1
55316,1
55317,0
55318,0
55319,1
55320,1
55321,1
55322,1
55324,1
55325,1
55327,1
55328,1
55329,1
55330,1
55331,0
55332,1
55333,1
55334,0
55335,1
55336,0
55337,0
55338,1
55339,1
55340,1
55341,0
55342,1
55343,1
55344,0
55345,0
55346,1
55347,1
55349,1
55350,1
55352,1
55353,1
55354,1
55355,0
55356,0
55357,0
55358,1
55359,0
55360,1
55362,1
55363,1
55364,1
55366,1
55367,1
55368,1
55369,0
55370,0
55371,1
55372,1
55373,0
55374,1
55375,0
55376,1
55378,1
55379,1
55381,1
55382,1
55384,0
55385,1
55386,0
55387,0
55388,1
55389,1
55390,1
55391,0
55395,1
55396,1
55397,1
55398,1
55401,0
55402,0
55403,0
55404,1
55405,1
55406,0
55407,0
55408,0
55409,0
55410,0
55411,1
55412,1
55413,0
55414,0
55415,0
55416,0
55417,1
55418,1
55419,1
55420,0
55421,1
55422,1
55423,1
55424,1
55425,1
55426,1
55427,0
55428,1
55429,1
55430,1
55431,0
55432,1
55433,1
55434,0
55435,0
55436,0
55437,1
55438,1
55439,0
55441,0
55442,1
55443,1
55444,1
55445,1
55446,1
55447,1
55448,1
55449,1
55450,0
55454,1
55455,0
55601,0
55602,0
55603,0
55604,1
55605,0
55606,0
55607,0
55609,0
55612,0
55613,0
55614,1
55615,0
55616,1
55702,0
55703,0
55704,1
55705,1
55706,1
55707,1
55708,1
55709,1
55710,1
55711,0
55712,0
55713,1
55716,0
55717,0
55718,1
55719,1
55720,1
55721,1
55722,1
55723,1
55724,0
55725,0
55726,1
55731,1
55732,1
55733,1
55734,1
55735,1
55736,1
55738,0
55741,1
55742,0
55744,1
55746,1
55748,1
55749,0
55750,1
55751,1
55752,0
55753,0
55756,0
55757,0
55758,0
55760,1
55763,0
55764,0
55765,1
55766,0
55767,1
55768,1
55769,1
55771,1
55772,0
55775,0
55779,1
55780,0
55781,0
55782,0
55783,1
55784,0
55785,0
55786,0
55787,0
55790,0
55792,0
55793,0
55795,1
55797,1
55798,1
55802,0
55803,1
55804,1
55805,0
55806,1
55807,1
55808,1
55810,1
55811,0
55812,0
55814,0
55901,0
55902,0
55904,0
55905,0
55906,1
55909,1
55910,1
55912,1
55917,0
55918,1
55919,1
55920,1
55921,0
55922,1
55923,1
55924,1
55925,1
55926,1
55927,1
55929,1
55931,1
55932,1
55933,1
55934,0
55935,1
55936,1
55939,1
55940,1
55941,1
55943,1
55944,0
55945,0
55946,1
55947,1
55949,0
55950,0
55951,1
55952,1
55953,0
55954,0
55955,1
55956,1
55957,1
55959,1
55960,1
55961,0
55962,0
55963,1
55964,1
55965,0
55967,1
55968,0
55969,1
55970,1
55971,1
55972,0
55973,0
55974,1
55975,1
55976,1
55977,0
55979,1
55981,1
55982,1
55983,1
55985,1
55987,1
55990,0
55991,1
55992,1
56001,0
56003,0
56007,0
56009,1
56010,1
56011,1
56013,1
56014,0
56016,1
56017,1
56019,1
56020,0
56021,1
56022,0
56023,1
56024,1
56025,1
56026,1
56027,1
56028,1
56029,1
56031,1
56032,0
56033,0
56034,0
56035,0
56036,1
56037,0
56039,1
56041,1
56042,1
56043,0
56044,1
56045,1
56046,0
56047,0
56048,1
56050,1
56051,1
56052,1
56054,1
56055,1
56056,0
56057,1
56058,1
56060,0
56062,1
56063,0
56065,0
56068,1
56069,1
56071,1
56072,1
56073,0
56074,1
56075,0
56078,0
56080,1
56081,1
56082,0
56083,1
56085,1
56087,1
56088,1
56089,0
56090,1
56091,0
56093,1
56096,1
56097,1
56098,1
56101,1
56110,1
56111,1
56113,0
56114,0
56115,1
56116,1
56117,0
56118,0
56119,1
56120,1
56121,0
56122,1
56123,0
56125,0
56127,0
56128,1
56129,1
56131,1
56132,0
56134,1
56136,1
56137,1
56138,1
56139,0
56140,0
56141,0
56142,0
56143,0
56144,1
56145,0
56146,0
56147,0
56149,1
56150,0
56151,1
56152,1
56153,0
56155,0
56156,1
56157,1
56158,0
56159,1
56160,0
56161,0
56162,0
56164,0
56165,0
56166,0
56167,1
56168,1
56169,1
56170,1
56171,1
56172,0
56173,1
56174,0
56175,0
56176,1
56177,0
56178,1
56180,1
56181,1
56183,1
56185,1
56186,1
56187,1
56201,1
56207,0
56208,1
56209,1
56210,0
56211,0
56212,0
56214,0
56215,1
56216,1
56218,1
56219,1
56220,1
56221,1
56222,1
56223,1
56224,0
56225,1
56226,0
56227,0
56228,1
56229,1
56230,0
56231,0
56232,1
56235,0
56236,0
56237,1
56239,1
56240,1
56241,1
56243,1
56244,1
56245,1
56248,1
56249,0
56251,1
56252,1
56253,1
56255,0
56256,1
56257,0
56258,1
56260,1
56262,1
56263,0
56264,1
56265,0
56266,1
56267,1
56270,1
56271,1
56273,1
56274,0
56276,0
56277,1
56278,1
56279,1
56280,1
56281,1
56282,1
56283,1
56284,1
56285,1
56287,0
56288,1
56289,0
56291,1
56292,1
56293,1
56294,0
56295,0
56296,1
56297,1
56301,0
56303,1
56304,1
56307,1
56308,1
56309,1
56310,1
56311,1
56312,1
56313,0
56314,1
56315,1
56316,1
56318,1
56319,1
56320,1
56321,0
56323,0
56324,1
56325,0
56326,1
56327,1
56328,0
56329,1
56330,1
56331,1
56332,1
56334,1
56335,0
56336,1
56338,1
56339,1
56340,1
56342,1
56343,1
56345,1
56347,1
56349,1
56350,1
56352,1
56353,1
56354,1
56355,0
56356,1
56357,1
56358,1
56359,1
56360,1
56361,1
56362,1
56363,0
56364,1
56367,1
56368,1
56369,0
56371,0
56373,1
56374,1
56375,1
56376,1
56377,1
56378,1
56379,1
56381,0
56382,1
56384,1
56385,1
56386,0
56387,1
56389,0
56401,1
56425,1
56431,1
56433,1
56434,1
56435,1
56436,0
56437,0
56438,1
56440,1
56441,1
56442,0
56443,0
56444,1
56446,1
56447,0
56448,0
56449,1
56450,0
56452,1
56453,1
56455,1
56456,0
56458,0
56461,1
56464,1
56465,1
56466,1
56467,1
56468,1
56469,0
56470,1
56472,0
56473,1
56474,1
56475,1
56477,1
56479,1
56481,1
56482,1
56484,1
56501,1
56510,1
56511,1
56514,1
56515,1
56516,0
56517,0
56518,1
56519,0
56520,1
56521,0
56522,0
56523,0
56524,1
56525,0
56527,1
56528,1
56529,1
56531,1
56533,1
56534,1
56535,1
56536,0
56537,1
56540,1
56541,0
56542,1
56543,0
56544,1
56545,1
56546,0
56547,1
56548,1
56549,1
56550,0
56551,1
56552,1
56553,0
56554,1
56556,1
56557,1
56560,1
56565,0
56566,1
56567,1
56568,0
56569,1
56570,1
56571,1
56572,1
56573,0
56574,0
56575,1
56576,0
56577,0
56578,1
56579,0
56580,1
56581,1
56583,0
56584,1
56585,1
56586,1
56587,0
56588,0
56589,1
56590,0
56591,0
56592,1
56593,0
56594,0
56601,1
56621,1
56623,1
56626,1
56627,0
56628,1
56629,0
56630,0
56633,1
56634,1
56636,1
56637,0
56639,1
56641,0
56644,1
56646,0
56647,1
56649,1
56650,1
56651,1
56652,0
56653,1
56654,0
56655,1
56657,0
56658,0
56659,0
56660,0
56661,1
56662,0
56663,0
56666,1
56667,1
56668,0
56669,0
56670,1
56671,1
56672,1
56673,0
56676,1
56678,1
56680,0
56681,1
56683,1
56684,1
56685,0
56686,1
56687,0
56688,0
56701,1
56710,1
56711,0
56713,1
56714,1
56715,1
56716,1
56720,0
56721,1
56722,0
56723,1
56724,0
56725,1
56726,1
56727,0
56728,1
56729,0
56731,0
56732,1
56733,0
56734,0
56735,1
56736,1
56737,1
56738,1
56741,0
56742,0
56744,0
56748,1
56750,1
56751,1
56754,0
56755,0
56756,1
56757,1
56758,0
56759,0
56760,0
56761,0
56762,1
56763,1
60002,1
60004,1
60005,1
60007,1
60008,1
60010,0
60012,0
60013,1
60014,0
60015,0
60016,1
60018,1
60020,1
60021,1
60022,1
60025,0
60026,0
60029,1
60030,0
60031,1
60033,0
60034,1
60035,1
60040,1
60041,0
60042,0
60043,0
60044,1
60045,0
60046,1
60047,0
60048,0
60050,1
60051,1
60053,1
60056,1
60060,0
60061,1
60062,0
60064,0
60067,0
60068,1
60069,0
60070,1
60071,0
60072,0
60073,1
60074,1
60076,0
60077,0
60081,0
60083,1
60084,1
60085,1
60087,1
60088,1
60089,0
60090,1
60091,0
60093,0
60096,1
60097,1
60098,1
60099,1
60101,1
60102,0
60103,1
60104,0
60106,1
60107,1
60108,0
60109,0
60110,1
60111,0
60112,1
60113,0
60115,1
60118,1
60119,1
60120,1
60123,1
60124,1
60126,1
60129,0
60130,1
60131,1
60133,1
60134,1
60135,0
60136,1
60137,1
60139,1
60140,1
60141,0
60142,1
60143,0
60144,0
60145,1
60146,1
60148,1
60150,0
60151,1
60152,1
60153,0
60154,1
60155,1
60156,1
60157,0
60160,1
60162,0
60163,1
60164,1
60165,1
60169,1
60171,1
60172,1
60173,0
60174,0
60175,0
60176,0
60177,1
60178,0
60180,0
60181,1
60184,1
60185,1
60187,1
60188,0
60189,1
60190,1
60191,1
60192,0
60193,1
60194,0
60195,0
60201,0
60202,0
60203,1
60301,0
60302,0
60304,0
60305,0
60401,1
60402,1
60403,0
60404,1
60406,1
60407,0
60408,0
60409,0
60410,1
60411,1
60415,1
60416,1
60417,1
60419,0
60420,1
60421,1
60422,1
60423,1
60424,1
60425,0
60426,0
60428,0
60429,0
60430,0
60431,1
60432,1
60433,1
60435,1
60436,1
60437,0
60438,0
60439,0
60440,1
60441,1
60442,0
60443,1
60444,1
60445,1
60446,1
60447,1
60448,0
60449,1
60450,1
60451,1
60452,1
60453,1
60455,1
60456,1
60457,1
60458,1
60459,1
60460,1
60461,0
60462,1
60463,0
60464,0
60465,0
60466,0
60467,0
60468,1
60469,1
60470,0
60471,0
60472,1
60473,0
60474,1
60475,1
60476,1
60477,1
60478,1
60479,1
60480,1
60481,1
60482,1
60484,0
60487,1
60490,1
60491,0
60501,1
60502,0
60503,1
60504,1
60505,1
60506,1
60510,0
60511,1
60512,1
60513,1
60514,0
60515,0
60516,1
60517,1
60518,1
60519,0
60520,1
60521,0
60523,0
60525,0
60526,1
60527,1
60530,0
60531,1
60532,0
60534,1
60536,0
60537,1
60538,1
60539,1
60540,0
60541,1
60542,0
60543,0
60544,1
60545,1
60546,1
60548,1
60549,1
60550,1
60551,0
60552,1
60553,1
60554,0
60555,0
60556,1
60557,0
60558,0
60559,0
60560,0
60561,0
60563,0
60564,0
60565,0
60585,1
60586,1
60601,0
60602,0
60603,0
60604,0
60605,0
60606,1
60607,0
60608,1
60609,1
60610,0
60611,0
60612,1
60613,1
60614,0
60615,1
60616,0
60617,1
60618,1
60619,0
60620,0
60621,1
60622,1
60623,1
60624,1
60625,1
60626,1
60628,0
60629,1
60630,1
60631,1
60632,1
60633,0
60634,1
60636,1
60637,1
60638,1
60639,1
60640,1
60641,1
60642,0
60643,0
60644,1
60645,1
60646,1
60647,1
60649,1
60651,1
60652,1
60653,1
60654,1
60655,1
60656,1
60657,1
60659,1
60660,1
60661,0
60706,1
60707,1
60712,0
60714,1
60803,1
60804,1
60805,1
60827,0
60901,1
60910,0
60911,1
60912,1
60913,0
60914,1
60915,1
60917,1
60918,0
60919,1
60920,0
60921,1
60922,1
60924,1
60926,0
60927,1
60928,1
60929,1
60930,1
60931,1
60932,0
60933,0
60934,1
60935,1
60936,1
60938,1
60940,1
60941,1
60942,1
60945,0
60946,0
60948,1
60949,1
60950,0
60951,0
60952,1
60953,1
60954,1
60955,1
60957,1
60958,0
60959,1
60960,1
60961,1
60962,1
60963,1
60964,1
60966,1
60968,0
60969,0
60970,1
60973,0
60974,0
61001,1
61006,0
61007,0
61008,1
61010,1
61011,1
61012,1
61013,1
61014,1
61015,0
61016,1
61018,0
61019,1
61020,0
61021,0
61024,1
61025,1
61027,0
61028,1
61030,1
61031,1
61032,0
61036,1
61037,0
61038,0
61039,1
61041,0
61042,1
61043,0
61044,0
61046,0
61047,1
61048,1
61049,0
61050,0
61051,1
61052,1
61053,1
61054,1
61057,0
61059,0
61060,1
61061,0
61062,1
61063,1
61064,1
61065,1
61067,0
61068,1
61070,1
61071,1
61072,1
61073,1
61074,1
61075,1
61077,0
61078,1
61079,0
61080,1
61081,0
61084,1
61085,1
61087,1
61088,1
61089,0
61091,0
61101,1
61102,1
61103,1
61104,0
61107,0
61108,1
61109,1
61111,1
61112,0
61114,0
61115,1
61201,1
61230,1
61231,0
61232,1
61234,1
61235,1
61236,0
61238,1
61239,1
61240,1
61241,1
61242,0
61243,0
61244,1
61250,1
61251,0
61252,1
61254,0
61256,1
61257,1
61258,0
61259,1
61260,1
61261,0
61262,1
61263,1
61264,0
61265,1
61270,1
61272,1
61273,0
61274,0
61275,1
61276,0
61277,1
61278,0
61279,1
61281,0
61282,0
61283,1
61284,0
61285,1
61301,1
61310,1
61311,0
61312,0
61313,0
61314,1
61315,0
61316,1
61317,1
61318,1
61319,1
61320,1
61321,0
61322,1
61323,0
61324,0
61325,1
61326,1
61327,1
61328,0
61329,1
61330,1
61331,0
61332,0
61333,0
61334,1
61335,0
61336,1
61337,0
61338,0
61340,0
61341,1
61342,1
61344,0
61345,1
61346,0
61348,1
61349,1
61350,1
61353,0
61354,1
61356,1
61358,0
61359,0
61360,1
61361,1
61362,1
61363,0
61364,1
61367,1
61368,1
61369,1
61370,1
61372,0
61373,1
61374,0
61375,1
61376,1
61377,1
61378,1
61379,1
61401,1
61410,1
61411,0
61412,1
61413,1
61414,1
61415,1
61416,0
61417,0
61418,0
61419,0
61420,1
61421,1
61422,1
61423,0
61424,0
61425,0
61426,0
61427,0
61428,1
61430,1
61431,1
61432,1
61433,0
61434,0
61435,0
61436,0
61437,1
61438,0
61439,0
61440,1
61441,1
61442,1
61443,1
61447,1
61448,1
61449,0
61450,1
61451,0
61452,0
61453,0
61454,0
61455,0
61458,1
61459,0
61460,0
61462,1
61465,1
61466,0
61467,1
61468,0
61469,1
61470,1
61471,0
61472,0
61473,0
61474,0
61475,0
61476,1
61477,1
61478,0
61479,0
61480,0
61482,1
61483,0
61484,1
61485,0
61486,1
61488,1
61489,1
61490,1
61491,1
61501,1
61516,1
61517,1
61519,0
61520,0
61523,1
61524,0
61525,1
61526,1
61528,1
61529,1
61530,0
61531,1
61532,1
61533,1
61534,1
61535,1
61536,0
61537,1
61539,0
61540,1
61541,0
61542,0
61543,0
61544,0
61545,1
61546,1
61547,1
61548,1
61550,1
61552,0
61553,0
61554,1
61559,1
61560,0
61561,1
61562,0
61563,1
61564,1
61565,1
61567,1
61568,1
61569,1
61570,1
61571,1
61572,1
61602,0
61603,0
61604,1
61605,0
61606,1
61607,0
61610,1
61611,0
61614,0
61615,0
61616,1
61625,0
61701,0
61704,0
61705,1
61720,0
61721,1
61722,1
61723,1
61724,0
61725,1
61726,1
61727,1
61728,1
61729,1
61730,1
61731,0
61732,1
61733,1
61734,1
61735,0
61736,1
61737,1
61738,1
61739,1
61740,1
61741,1
61742,1
61743,0
61744,1
61745,1
61747,0
61748,1
61749,0
61750,0
61751,0
61752,1
61753,1
61754,0
61755,0
61756,1
61759,1
61760,1
61761,0
61764,1
61769,0
61770,1
61771,1
61772,0
61773,1
61774,1
61775,0
61776,1
61777,1
61778,0
61801,0
61802,0
61810,0
61811,0
61812,0
61813,1
61814,1
61815,0
61816,0
61817,1
61818,1
61820,0
61821,0
61822,1
61830,0
61831,0
61832,1
61833,1
61834,1
61839,0
61840,0
61841,1
61842,1
61843,0
61844,1
61845,0
61846,1
61847,1
61848,0
61849,1
61850,1
61851,0
61852,0
61853,1
61854,1
61855,1
61856,1
61857,0
61858,0
61859,1
61862,0
61863,0
61864,0
61865,1
61866,0
61870,1
61871,0
61872,1
61873,1
61874,1
61875,1
61876,1
61877,1
61878,1
61880,1
61882,1
61883,1
61884,1
61910,1
61911,1
61912,1
61913,1
61914,1
61917,1
61919,0
61920,0
61924,1
61925,1
61928,1
61929,1
61930,1
61931,1
61932,0
61933,1
61936,0
61937,1
61938,1
61940,0
61941,0
61942,1
61943,1
61944,1
61949,0
61951,0
61953,1
61955,0
61956,1
61957,1
62001,1
62002,1
62006,1
62009,1
62010,1
62011,0
62012,1
62013,0
62014,1
62015,0
62016,1
62017,1
62018,1
62019,0
62021,0
62022,1
62023,0
62024,0
62025,0
62027,0
62028,0
62030,0
62031,0
62032,0
62033,1
62034,0
62035,1
62036,0
62037,0
62040,1
62044,1
62045,0
62046,0
62047,0
62048,1
62049,0
62050,0
62051,1
62052,0
62053,1
62054,1
62056,1
62058,1
62059,1
62060,1
62061,1
62062,0
62063,1
62065,0
62067,0
62069,1
62070,0
62074,1
62075,1
62076,0
62077,0
62078,0
62079,1
62080,1
62081,0
62082,1
62083,0
62084,0
62085,0
62086,1
62087,1
62088,1
62089,0
62090,1
62091,0
62092,0
62093,0
62094,1
62095,1
62097,1
62098,0
62201,0
62203,0
62204,0
62205,0
62206,0
62207,0
62208,1
62214,1
62215,0
62216,0
62217,1
62218,1
62219,1
62220,0
62221,1
62223,1
62225,1
62226,1
62230,0
62231,1
62232,1
62233,1
62234,1
62236,0
62237,1
62238,1
62239,0
62240,1
62241,1
62242,1
62243,0
62244,1
62245,0
62246,1
62248,1
62249,0
62250,1
62253,1
62254,1
62255,1
62257,1
62258,0
62260,1
62261,0
62262,1
62263,1
62264,0
62265,0
62266,0
62268,1
62269,1
62271,1
62272,0
62273,0
62274,1
62275,1
62277,1
62278,0
62279,0
62280,0
62281,1
62282,0
62284,0
62285,0
62286,0
62288,1
62289,0
62292,1
62293,1
62294,0
62295,0
62297,0
62298,0
62301,1
62305,1
62311,0
62312,1
62313,0
62314,1
62316,1
62319,0
62320,0
62321,1
62323,0
62324,1
62325,1
62326,1
62330,1
62334,0
62336,0
62338,0
62339,1
62340,1
62341,1
62343,0
62344,0
62345,1
62346,0
62347,1
62348,0
62349,0
62351,1
62352,1
62353,1
62354,1
62355,1
62356,0
62357,0
62358,1
62359,0
62360,1
62361,0
62362,0
62363,1
62365,1
62366,1
62367,1
62370,0
62373,0
62374,1
62375,0
62376,1
62378,1
62379,1
62380,0
62401,0
62410,1
62411,0
62413,0
62414,1
62417,1
62418,1
62419,0
62420,1
62421,1
62422,1
62423,1
62424,1
62425,1
62426,1
62427,1
62428,1
62431,1
62432,0
62433,1
62434,0
62436,1
62438,1
62439,1
62440,1
62441,1
62442,1
62443,1
62444,0
62445,1
62446,0
62447,1
62448,0
62449,0
62450,1
62451,1
62452,1
62454,1
62458,1
62459,0
62460,1
62461,1
62462,1
62463,1
62465,1
62466,1
62467,1
62468,1
62469,1
62471,0
62473,1
62474,0
62475,0
62476,1
62477,1
62478,1
62479,1
62480,0
62481,0
62501,1
62510,1
62512,0
62513,1
62514,0
62515,1
62517,0
62518,1
62519,0
62520,0
62521,0
62522,1
62523,1
62526,1
62530,1
62531,1
62532,0
62533,1
62534,1
62535,0
62536,1
62537,0
62538,0
62539,1
62540,1
62541,0
62543,0
62544,1
62545,0
62546,1
62547,1
62548,1
62549,1
62550,1
62551,1
62553,0
62554,1
62555,1
62556,0
62557,1
62558,0
62560,1
62561,0
62563,0
62565,1
62567,1
62568,1
62570,0
62571,1
62572,0
62573,0
62601,0
62610,0
62611,1
62612,1
62613,1
62615,0
62617,0
62618,1
62621,1
62622,0
62624,0
62625,0
62626,0
62627,1
62628,1
62629,1
62630,1
62631,0
62633,0
62634,1
62635,1
62638,1
62639,0
62640,1
62642,1
62643,0
62644,0
62649,1
62650,0
62655,0
62656,1
62661,1
62663,0
62664,1
62665,1
62666,1
62667,0
62668,1
62670,0
62671,0
62672,0
62673,1
62674,1
62675,1
62677,1
62681,1
62682,0
62684,0
62685,1
62688,1
62689,0
62690,0
62691,0
62692,1
62693,1
62694,1
62695,0
62701,0
62702,0
62703,0
62704,1
62707,1
62711,0
62712,0
62801,0
62803,1
62806,0
62807,1
62808,1
62809,0
62810,1
62811,0
62812,1
62814,1
62815,0
62816,1
62817,1
62818,0
62819,1
62820,0
62821,1
62822,0
62823,1
62824,1
62825,0
62827,1
62828,1
62829,0
62830,1
62831,0
62832,1
62833,0
62835,1
62836,1
62837,0
62838,1
62839,1
62841,1
62842,1
62843,0
62844,1
62846,0
62848,1
62849,1
62850,0
62851,0
62852,0
62853,1
62854,1
62856,0
62858,1
62859,0
62860,1
62861,0
62862,0
62863,1
62864,0
62865,1
62867,0
62868,1
62869,1
62870,1
62871,1
62872,1
62874,1
62875,1
62876,0
62877,0
62878,0
62879,0
62880,1
62881,0
62882,1
62883,1
62884,1
62885,1
62886,0
62887,1
62888,0
62889,1
62890,1
62891,1
62892,0
62893,0
62894,1
62895,1
62896,0
62897,0
62898,1
62899,1
62901,0
62902,1
62903,1
62905,0
62906,0
62907,1
62908,0
62910,1
62912,1
62914,0
62915,0
62916,1
62917,1
62918,0
62919,1
62920,0
62921,1
62922,1
62923,0
62924,0
62926,1
62927,0
62928,0
62930,1
62931,1
62932,1
62933,0
62934,1
62935,1
62938,1
62939,1
62940,0
62941,1
62942,1
62943,1
62946,0
62947,0
62948,1
62949,1
62950,0
62951,1
62952,1
62953,0
62954,0
62956,0
62957,1
62958,1
62959,1
62960,1
62961,0
62962,0
62963,1
62964,0
62965,0
62966,1
62967,1
62969,0
62970,0
62972,0
62974,1
62975,0
62976,1
62977,1
62979,1
62982,1
62983,1
62984,1
62985,1
62987,1
62988,1
62990,1
62992,0
62994,1
62995,0
62996,0
62997,1
62998,0
62999,1
80002,0
80003,1
80004,0
80005,1
80007,0
80010,1
80011,1
80012,1
80013,1
80014,0
80015,0
80016,0
80017,1
80018,0
80019,0
80020,0
80021,0
80022,1
80023,0
80024,0
80025,0
80026,0
80027,0
80030,0
80031,1
80033,0
80045,0
80101,1
80102,1
80103,1
80104,0
80105,1
80106,1
80107,1
80108,0
80109,1
80110,0
80111,0
80112,0
80113,0
80116,0
80117,1
80118,1
80120,0
80121,0
80122,1
80123,0
80124,0
80125,1
80126,0
80127,0
80128,0
80129,0
80130,1
80131,0
80132,0
80133,1
80134,0
80135,1
80136,1
80137,0
80138,0
80202,0
80203,1
80204,0
80205,0
80206,0
80207,1
80209,0
80210,0
80211,0
80212,1
80214,0
80215,1
80216,0
80218,0
80219,1
80220,0
80221,1
80222,0
80223,0
80224,0
80226,0
80227,1
80228,0
80229,1
80230,0
80231,1
80232,1
80233,1
80234,0
80235,1
80236,1
80237,0
80238,0
80239,1
80241,0
80246,0
80247,1
80249,1
80260,1
80264,0
80290,0
80293,0
80294,0
80301,0
80302,0
80303,0
80304,0
80305,0
80310,0
80401,0
80403,0
80419,0
80420,1
80421,1
80422,0
80423,0
80424,0
80425,0
80426,0
80427,1
80428,0
80432,0
80433,0
80434,0
80435,0
80436,0
80438,0
80439,0
80440,0
80442,0
80443,0
80444,0
80446,1
80447,1
80448,0
80449,0
80451,1
80452,1
80453,0
80454,1
80455,0
80456,1
80457,1
80459,1
80461,1
80463,0
80465,1
80466,0
80467,1
80468,0
80469,0
80470,1
80471,0
80473,0
80475,0
80476,0
80477,0
80478,0
80479,0
80480,1
80481,0
80482,0
80483,0
80487,0
80488,0
80497,0
80498,1
80501,0
80503,0
80504,1
80510,0
80511,0
80512,1
80513,1
80514,1
80515,0
80516,0
80517,1
80520,1
80521,0
80524,1
80525,0
80526,0
80528,0
80530,0
80532,0
80534,1
80535,1
80536,1
80537,1
80538,0
80540,1
80542,1
80543,0
80544,0
80545,0
80546,0
80547,1
80549,1
80550,1
80601,0
80602,1
80603,1
80610,0
80611,0
80612,0
80615,1
80620,1
80621,1
80622,0
80623,1
80624,1
80631,1
80634,0
80640,1
80642,1
80643,0
80644,1
80645,1
80648,0
80649,0
80650,1
80651,1
80652,0
80653,0
80654,0
80701,0
80705,1
80720,0
80721,0
80722,1
80723,1
80726,0
80727,0
80728,1
80729,0
80731,0
80733,1
80734,1
80735,0
80736,0
80737,0
80740,0
80741,0
80742,0
80743,1
80744,0
80745,0
80746,0
80747,0
80749,0
80750,0
80751,1
80754,0
80755,0
80757,0
80758,1
80759,0
80801,0
80802,1
80804,0
80805,0
80807,1
80808,0
80809,1
80810,1
80812,0
80813,1
80814,0
80815,1
80816,1
80817,1
80818,0
80819,1
80820,0
80821,0
80822,0
80823,0
80824,0
80825,0
80827,0
80828,0
80829,1
80830,0
80831,1
80832,1
80833,0
80834,0
80835,0
80836,1
80840,1
80860,0
80861,0
80862,0
80863,0
80864,0
80902,1
80903,0
80904,0
80905,1
80906,0
80907,0
80908,1
80909,1
80910,1
80911,1
80913,0
80914,0
80915,1
80916,1
80917,1
80918,0
80919,0
80920,0
80921,0
80922,0
80923,1
80924,1
80925,1
80926,1
80927,1
80928,1
80929,0
80930,1
80938,0
80939,0
80951,1
81001,1
81003,1
81004,1
81005,1
81006,1
81007,1
81008,1
81019,1
81020,0
81021,0
81022,1
81023,1
81024,0
81025,0
81027,0
81029,0
81030,0
81033,0
81036,0
81038,0
81039,0
81040,0
81041,0
81043,0
81044,1
81045,0
81047,1
81049,0
81050,0
81052,0
81054,0
81055,0
81057,0
81058,0
81059,0
81062,1
81063,0
81064,0
81067,0
81069,0
81071,0
81073,0
81076,1
81077,1
81081,0
81082,0
81084,0
81087,0
81089,0
81090,1
81091,0
81092,0
81101,0
81120,1
81121,0
81122,1
81123,0
81124,0
81125,0
81126,0
81128,1
81129,0
81130,0
81131,1
81132,0
81133,1
81136,0
81137,1
81138,0
81140,0
81141,1
81143,0
81144,0
81146,0
81147,1
81148,1
81149,1
81151,0
81152,0
81154,1
81155,0
81201,0
81210,0
81211,0
81212,0
81220,0
81221,0
81222,0
81223,0
81224,0
81225,0
81226,1
81227,0
81230,0
81231,0
81232,0
81233,1
81235,0
81236,0
81237,0
81239,0
81240,1
81241,0
81242,1
81243,0
81244,1
81248,0
81251,0
81252,1
81253,0
81301,0
81303,1
81320,0
81321,0
81323,1
81324,0
81325,0
81326,0
81327,1
81328,1
81330,0
81331,0
81332,0
81334,1
81335,0
81401,0
81403,1
81410,1
81411,0
81413,1
81415,0
81416,1
81418,1
81419,1
81422,0
81423,0
81424,1
81425,1
81426,0
81427,0
81428,1
81429,0
81430,0
81431,0
81432,1
81433,0
81434,0
81435,0
81501,0
81503,1
81504,1
81505,0
81506,0
81507,1
81520,1
81521,1
81522,0
81523,0
81524,1
81525,1
81526,1
81527,1
81601,1
81610,1
81611,0
81612,0
81615,0
81620,0
81621,1
81623,0
81624,1
81625,1
81630,0
81631,1
81632,0
81633,0
81635,1
81637,1
81638,1
81639,1
81640,0
81641,1
81642,0
81643,1
81645,0
81646,0
81647,1
81648,1
81649,0
81650,1
81652,1
81653,0
81654,1
81655,0
81656,0
81657,0
